﻿<genxml>
  <hidden>
    <index datatype="double">24</index>
  </hidden>
  <textbox>
    <ctrl update="save">nbrightsystempay</ctrl>
    <name update="save">SystemPay Payment</name>
    <icon update="save" />
    <group update="save">Admin</group>
    <path update="save">/DesktopModules/NBright/NBrightSystemPay/Payment.ascx</path>
    <help update="save" />
    <description update="save" />
    <assembly update="save">NBrightSystemPayPaymentProvider</assembly>
    <namespaceclass update="save">NBrightSystemPay.PaymentProvider</namespaceclass>
    <assembly update="save">NBrightSystemPayPaymentProvider</assembly>
    <namespaceclass update="save">NBrightSystemPay.AjaxProvider</namespaceclass>
  </textbox>
  <checkbox>
    <hidden update="save">False</hidden>
    <active update="save">True</active>
    <active update="save">True</active>
  </checkbox>
  <dropdownlist>
    <providertype update="save" selectedtext="Paiements">07</providertype>
    <providertype update="save" selectedtext="Ajax">12</providertype>
  </dropdownlist>
  <checkboxlist>
    <securityroles update="save">
      <chk value="False" data="Administrators">Administrators</chk>
      <chk value="False" data="Manager">Manager</chk>
      <chk value="False" data="Editor">Editor</chk>
      <chk value="False" data="ClientEditor">ClientEditor</chk>
    </securityroles>
  </checkboxlist>
  <radiobuttonlist />
  <interfaces>
    <genxml>
      <files />
      <hidden />
      <textbox>
        <assembly>NBrightSystemPayPaymentProvider</assembly>
        <namespaceclass>NBrightSystemPay.PaymentProvider</namespaceclass>
      </textbox>
      <checkbox>
        <active>True</active>
      </checkbox>
      <dropdownlist>
        <providertype>07</providertype>
      </dropdownlist>
      <checkboxlist />
      <radiobuttonlist />
    </genxml>
    <genxml>
      <files />
      <hidden />
      <textbox>
        <assembly>NBrightSystemPayPaymentProvider</assembly>
        <namespaceclass>NBrightSystemPay.AjaxProvider</namespaceclass>
      </textbox>
      <checkbox>
        <active>True</active>
      </checkbox>
      <dropdownlist>
        <providertype>12</providertype>
      </dropdownlist>
      <checkboxlist />
      <radiobuttonlist />
    </genxml>
  </interfaces>
</genxml>